test,statistic,p.value,crit_10pct,crit_5pct,crit_1pct
ADF,-5.040890234387918,0.01,NA,NA,NA
KPSS,0.08371183742588142,0.1,NA,NA,NA
ERS DF-GLS,-2.1882523867188866,NA,-1.62,-1.94,-2.58
PP,-82.88524073261358,0.01,NA,NA,NA
