test,statistic,p.value,crit_10pct,crit_5pct,crit_1pct
ADF,-8.019514235568666,0.01,NA,NA,NA
KPSS,0.08643082613400156,0.1,NA,NA,NA
ERS DF-GLS,-7.941151554347505,NA,-1.62,-1.94,-2.57
PP,-321.61278115929906,0.01,NA,NA,NA
