test,statistic,p.value,crit_10pct,crit_5pct,crit_1pct
ADF,-8.17144477284643,0.01,NA,NA,NA
KPSS,0.03492887682782685,0.1,NA,NA,NA
ERS DF-GLS,-12.911564988861818,NA,-1.62,-1.94,-2.57
PP,-300.0884288499348,0.01,NA,NA,NA
