term,estimate,std.error
ar1,0.2592111904319682,0.09218876195578961
