set,ME,RMSE,MAE,MPE,MAPE,MASE,ACF1
Training set,-0.0011616909893552756,0.03461599180474168,0.026538949040680337,137.7543085984054,152.946747526465,0.6818584131375869,-0.007528457591659263
