set,ME,RMSE,MAE,MPE,MAPE,MASE,ACF1
Training set,-30.63152981683882,9021.216844623843,3505.3900754994825,-106.50963641892166,452.5585443421467,0.7699877157242192,-0.002709824234681494
