set,ME,RMSE,MAE,MPE,MAPE,MASE,ACF1
Training set,-196.0811215745697,4513.032768012162,2255.194885965929,Inf,Inf,0.6855748975422923,0.0055907599281011565
