term,estimate,std.error
ma1,-0.774912239301538,0.05714504522550581
ma2,-0.1000937167938748,0.07357268455513304
ma3,-0.030032066424801787,0.0804010215841075
ma4,0.2784462852566317,0.06406723136565355
