"Test","ChiSq","df","p.value"
"Serial Correlation",70.6376971432842,45,0.00865909799857945
"ARCH",290.946755469529,288,0.440333386194947
"Normality",7261.2573507137,6,0
